Price,Adj Close,Adj Close,Adj Close,Close,Close,Close,High,High,High,Low,Low,Low,Open,Open,Open,Volume,Volume,Volume
Ticker,BBDC4.SA,ITUB3.SA,SANB3.SA,BBDC4.SA,ITUB3.SA,SANB3.SA,BBDC4.SA,ITUB3.SA,SANB3.SA,BBDC4.SA,ITUB3.SA,SANB3.SA,BBDC4.SA,ITUB3.SA,SANB3.SA,BBDC4.SA,ITUB3.SA,SANB3.SA
Date,,,,,,,,,,,,,,,,,,
2024-01-02 00:00:00+00:00,16.042457580566406,26.615930557250977,14.50504207611084,16.75,28.489999771118164,15.140000343322754,17.010000228881836,29.0,15.1899995803833,16.670000076293945,28.31999969482422,14.989999771118164,16.950000762939453,28.84000015258789,15.1899995803833,31715700,242400,143300
2024-01-03 00:00:00+00:00,16.060651779174805,26.559879302978516,14.437975883483887,16.75,28.43000030517578,15.069999694824219,16.940000534057617,28.6200008392334,15.25,16.65999984741211,28.309999465942383,15.069999694824219,16.690000534057617,28.450000762939453,15.130000114440918,20470600,480900,104700
2024-01-04 00:00:00+00:00,15.84011459350586,26.0927677154541,14.351749420166016,16.520000457763672,27.93000030517578,14.979999542236328,16.850000381469727,28.459999084472656,15.149999618530273,16.520000457763672,27.920000076293945,14.859999656677246,16.760000228881836,28.440000534057617,15.079999923706055,31294000,671600,76300
2024-01-05 00:00:00+00:00,16.1852970123291,26.615930557250977,14.514620780944824,16.8799991607666,28.489999771118164,15.149999618530273,16.959999084472656,28.65999984741211,15.220000267028809,16.450000762939453,27.8700008392334,14.899999618530273,16.520000457763672,27.93000030517578,14.9399995803833,30772400,581700,43900
2024-01-08 00:00:00+00:00,16.060651779174805,26.475797653198242,14.466718673706055,16.75,28.34000015258789,15.100000381469727,16.969999313354492,28.530000686645508,15.220000267028809,16.739999771118164,28.229999542236328,15.050000190734863,16.8799991607666,28.350000381469727,15.119999885559082,21044300,170700,61100
2024-01-09 00:00:00+00:00,15.629170417785645,26.345008850097656,14.102655410766602,16.299999237060547,28.200000762939453,14.720000267028809,16.549999237060547,28.290000915527344,15.09000015258789,16.229999542236328,27.920000076293945,14.609999656677246,16.510000228881836,28.190000534057617,15.09000015258789,49479300,371700,89600
2024-01-10 00:00:00+00:00,15.36069393157959,26.43842887878418,13.88230037689209,16.020000457763672,28.299999237060547,14.489999771118164,16.34000015258789,28.440000534057617,14.720000267028809,16.010000228881836,28.1200008392334,14.350000381469727,16.25,28.190000534057617,14.720000267028809,39455700,326800,106000
2024-01-11 00:00:00+00:00,15.283985137939453,26.401060104370117,13.796074867248535,15.9399995803833,28.260000228881836,14.399999618530273,16.1299991607666,28.479999542236328,14.5600004196167,15.859999656677246,28.149999618530273,14.319999694824219,16.0,28.25,14.489999771118164,30915500,351200,68600
2024-01-12 00:00:00+00:00,15.15933609008789,26.447769165039062,13.671527862548828,15.8100004196167,28.309999465942383,14.270000457763672,16.020000457763672,28.34000015258789,14.569999694824219,15.710000038146973,27.90999984741211,14.25,15.899999618530273,28.299999237060547,14.520000457763672,39595400,188200,232900
2024-01-15 00:00:00+00:00,15.216866493225098,26.58790397644043,13.681108474731445,15.869999885559082,28.459999084472656,14.279999732971191,15.890000343322754,28.459999084472656,14.350000381469727,15.649999618530273,28.100000381469727,14.100000381469727,15.75,28.290000915527344,14.270000457763672,11765400,108000,175800
2024-01-16 00:00:00+00:00,15.082627296447754,26.22355842590332,13.374529838562012,15.729999542236328,28.06999969482422,13.960000038146973,15.880000114440918,28.459999084472656,14.289999961853027,15.630000114440918,28.030000686645508,13.890000343322754,15.869999885559082,28.399999618530273,14.279999732971191,48307800,342100,266700
2024-01-17 00:00:00+00:00,15.111393928527832,26.1301326751709,13.422431945800781,15.760000228881836,27.969999313354492,14.010000228881836,15.890000343322754,28.059999465942383,14.09000015258789,15.65999984741211,27.899999618530273,13.90999984741211,15.710000038146973,27.989999771118164,13.960000038146973,35712900,365100,104700
2024-01-18 00:00:00+00:00,15.02509593963623,25.98065948486328,13.489496231079102,15.670000076293945,27.809999465942383,14.079999923706055,15.819999694824219,28.110000610351562,14.079999923706055,15.460000038146973,27.719999313354492,13.949999809265137,15.819999694824219,27.989999771118164,14.029999732971191,42665600,219400,126500
2024-01-19 00:00:00+00:00,14.996332168579102,26.158161163330078,13.518238067626953,15.640000343322754,28.0,14.109999656677246,15.770000457763672,28.190000534057617,14.220000267028809,15.4399995803833,27.729999542236328,13.949999809265137,15.699999809265137,27.81999969482422,14.050000190734863,61792500,888700,112400
2024-01-22 00:00:00+00:00,14.823740005493164,25.887237548828125,13.549159049987793,15.460000038146973,27.709999084472656,13.949999809265137,15.770000457763672,28.170000076293945,14.050000190734863,15.319999694824219,27.389999389648438,13.8100004196167,15.649999618530273,28.0,13.949999809265137,30906700,531900,135400
2024-01-23 00:00:00+00:00,14.74703311920166,25.97132110595703,13.539445877075195,15.380000114440918,27.799999237060547,13.9399995803833,15.5600004196167,27.889999389648438,14.130000114440918,15.329999923706055,27.510000228881836,13.819999694824219,15.550000190734863,27.770000457763672,14.130000114440918,37294600,592100,63100
2024-01-24 00:00:00+00:00,14.689501762390137,25.961978912353516,13.539445877075195,15.319999694824219,27.790000915527344,13.9399995803833,15.539999961853027,28.15999984741211,14.029999732971191,15.25,27.719999313354492,13.819999694824219,15.4399995803833,27.799999237060547,14.0,36308700,884600,105900
2024-01-25 00:00:00+00:00,14.727853775024414,25.87789535522461,13.393756866455078,15.359999656677246,27.700000762939453,13.789999961853027,15.449999809265137,28.0,13.979999542236328,15.300000190734863,27.68000030517578,13.729999542236328,15.34000015258789,27.790000915527344,13.9399995803833,30256900,377800,73000
2024-01-26 00:00:00+00:00,14.881269454956055,26.176849365234375,13.413182258605957,15.520000457763672,28.020000457763672,13.8100004196167,15.619999885559082,28.15999984741211,13.930000305175781,15.350000381469727,27.649999618530273,13.699999809265137,15.399999618530273,27.65999984741211,13.789999961853027,22825700,644500,77800
2024-01-29 00:00:00+00:00,14.74703311920166,26.111452102661133,13.257780075073242,15.380000114440918,27.950000762939453,13.649999618530273,15.520000457763672,28.100000381469727,13.829999923706055,15.34000015258789,27.799999237060547,13.619999885559082,15.5,28.020000457763672,13.819999694824219,17302700,196400,114700
2024-01-30 00:00:00+00:00,14.641559600830078,25.896577835083008,13.422894477844238,15.270000457763672,27.719999313354492,13.819999694824219,15.510000228881836,28.040000915527344,13.829999923706055,15.270000457763672,27.719999313354492,13.600000381469727,15.399999618530273,27.950000762939453,13.649999618530273,35419800,163900,78000
2024-01-31 00:00:00+00:00,14.718267440795898,26.05539894104004,13.112090110778809,15.350000381469727,27.889999389648438,13.5,15.59000015258789,28.299999237060547,13.800000190734863,15.220000267028809,27.799999237060547,13.229999542236328,15.25,27.8700008392334,13.800000190734863,32956700,418400,286300
2024-02-01 00:00:00+00:00,14.689501762390137,26.212120056152344,13.35490608215332,15.319999694824219,28.040000915527344,13.75,15.449999809265137,28.079999923706055,13.789999961853027,15.119999885559082,27.65999984741211,13.350000381469727,15.399999618530273,27.8700008392334,13.5,32717300,530400,147600
2024-02-02 00:00:00+00:00,14.707716941833496,26.127986907958984,13.218929290771484,15.319999694824219,27.950000762939453,13.609999656677246,15.430000305175781,28.059999465942383,13.899999618530273,15.069999694824219,27.579999923706055,13.5600004196167,15.300000190734863,28.040000915527344,13.699999809265137,41476600,322000,143100
2024-02-05 00:00:00+00:00,15.005329132080078,26.44582176208496,13.286917686462402,15.630000114440918,28.290000915527344,13.680000305175781,15.670000076293945,28.5,13.739999771118164,15.319999694824219,27.780000686645508,13.529999732971191,15.319999694824219,27.950000762939453,13.579999923706055,31582200,480500,113200
2024-02-06 00:00:00+00:00,15.936561584472656,27.633033752441406,13.63657283782959,16.600000381469727,29.559999465942383,14.039999961853027,16.639999389648438,29.68000030517578,14.039999961853027,15.6899995803833,28.34000015258789,13.680000305175781,15.789999961853027,28.559999465942383,13.680000305175781,99040100,1017000,118100
2024-02-07 00:00:00+00:00,13.402071952819824,27.361936569213867,13.306343078613281,13.960000038146973,29.270000457763672,13.699999809265137,15.579999923706055,29.670000076293945,14.039999961853027,13.869999885559082,28.950000762939453,13.609999656677246,15.350000381469727,29.520000457763672,14.039999961853027,341120300,1176200,237400
2024-02-08 00:00:00+00:00,13.018059730529785,27.10019302368164,12.976112365722656,13.5600004196167,28.989999771118164,13.359999656677246,14.069999694824219,29.469999313354492,13.739999771118164,13.359999656677246,28.8700008392334,13.359999656677246,13.880000114440918,29.270000457763672,13.710000038146973,156143100,610400,130300
2024-02-09 00:00:00+00:00,12.922054290771484,27.42737579345703,13.014963150024414,13.460000038146973,29.34000015258789,13.399999618530273,13.75,29.510000228881836,13.520000457763672,13.180000305175781,28.920000076293945,13.34000015258789,13.65999984741211,28.989999771118164,13.359999656677246,99727200,852400,80900
2024-02-14 00:00:00+00:00,12.835650444030762,27.333892822265625,12.869274139404297,13.369999885559082,29.239999771118164,13.25,13.539999961853027,29.3799991607666,13.470000267028809,13.220000267028809,29.020000457763672,13.199999809265137,13.420000076293945,29.329999923706055,13.359999656677246,46804300,400900,64800
2024-02-15 00:00:00+00:00,12.893253326416016,27.62368392944336,12.976112365722656,13.430000305175781,29.549999237060547,13.359999656677246,13.630000114440918,29.549999237060547,13.420000076293945,13.380000114440918,29.200000762939453,13.25,13.460000038146973,29.260000228881836,13.25,49860300,392800,59900
2024-02-16 00:00:00+00:00,12.941255569458008,27.791948318481445,13.335480690002441,13.479999542236328,29.729999542236328,13.729999542236328,13.619999885559082,29.799999237060547,13.75,13.350000381469727,29.399999618530273,13.359999656677246,13.520000457763672,29.559999465942383,13.359999656677246,55291600,311800,78800
2024-02-19 00:00:00+00:00,13.104460716247559,27.99761199951172,13.257780075073242,13.649999618530273,29.950000762939453,13.649999618530273,13.699999809265137,30.0,13.789999961853027,13.390000343322754,29.65999984741211,13.579999923706055,13.5,29.729999542236328,13.729999542236328,28026600,509700,94000
2024-02-20 00:00:00+00:00,13.41167163848877,28.82958984375,13.316055297851562,13.970000267028809,30.84000015258789,13.710000038146973,14.020000457763672,30.920000076293945,13.9399995803833,13.630000114440918,29.950000762939453,13.489999771118164,13.699999809265137,29.950000762939453,13.489999771118164,85230500,993700,85100
2024-02-21 00:00:00+00:00,13.36367130279541,28.773500442504883,13.248067855834961,13.920000076293945,30.780000686645508,13.640000343322754,14.010000228881836,31.020000457763672,13.84000015258789,13.779999732971191,30.639999389648438,13.600000381469727,14.0,30.790000915527344,13.720000267028809,43236100,1141400,84500
2024-02-22 00:00:00+00:00,13.440474510192871,28.778474807739258,13.286917686462402,14.0,29.65999984741211,13.680000305175781,14.109999656677246,29.899999618530273,13.6899995803833,13.90999984741211,29.440000534057617,13.520000457763672,13.960000038146973,29.729999542236328,13.649999618530273,42741200,923500,96500
2024-02-23 00:00:00+00:00,13.267667770385742,28.768770217895508,12.927549362182617,13.819999694824219,29.649999618530273,13.3100004196167,14.100000381469727,29.84000015258789,13.680000305175781,13.770000457763672,29.31999969482422,13.149999618530273,14.029999732971191,29.639999389648438,13.680000305175781,34751100,1272900,166400
2024-02-26 00:00:00+00:00,13.248466491699219,28.73966407775879,12.956687927246094,13.800000190734863,29.6200008392334,13.34000015258789,13.850000381469727,29.790000915527344,13.4399995803833,13.65999984741211,29.459999084472656,13.3100004196167,13.850000381469727,29.649999618530273,13.3100004196167,21888800,355900,45100
2024-02-27 00:00:00+00:00,13.459673881530762,29.10837173461914,13.267491340637207,14.020000457763672,30.0,13.65999984741211,14.140000343322754,30.0,13.65999984741211,13.819999694824219,29.6299991607666,13.3100004196167,13.899999618530273,29.6299991607666,13.3100004196167,45546800,413100,114300
2024-02-28 00:00:00+00:00,13.402071952819824,29.253915786743164,13.18007755279541,13.960000038146973,30.149999618530273,13.569999694824219,14.100000381469727,30.149999618530273,13.729999542236328,13.880000114440918,29.809999465942383,13.489999771118164,13.989999771118164,29.940000534057617,13.65999984741211,22066700,394300,67400
2024-02-29 00:00:00+00:00,13.200465202331543,28.43887710571289,13.034388542175293,13.75,29.309999465942383,13.420000076293945,13.949999809265137,30.049999237060547,13.600000381469727,13.569999694824219,29.139999389648438,13.3100004196167,13.930000305175781,29.829999923706055,13.5600004196167,62632200,781200,91900
2024-03-01 00:00:00+00:00,13.248466491699219,28.630765914916992,13.034388542175293,13.800000190734863,29.489999771118164,13.420000076293945,13.859999656677246,29.6200008392334,13.479999542236328,13.6899995803833,29.290000915527344,13.329999923706055,13.789999961853027,29.309999465942383,13.420000076293945,29511700,563800,63100
2024-03-04 00:00:00+00:00,13.122504234313965,28.43659782409668,13.04410171508789,13.649999618530273,29.290000915527344,13.430000305175781,13.829999923706055,29.68000030517578,13.5,13.630000114440918,29.290000915527344,13.329999923706055,13.779999732971191,29.5,13.430000305175781,31807800,447500,64300
2024-03-05 00:00:00+00:00,13.189800262451172,28.39776039123535,12.89841079711914,13.720000267028809,29.25,13.279999732971191,13.8100004196167,29.510000228881836,13.430000305175781,13.579999923706055,29.09000015258789,13.140000343322754,13.65999984741211,29.290000915527344,13.350000381469727,31456000,402000,117000
2024-03-06 00:00:00+00:00,13.285935401916504,28.74727439880371,12.849847793579102,13.819999694824219,29.610000610351562,13.229999542236328,14.010000228881836,29.75,13.479999542236328,13.75,29.299999237060547,13.229999542236328,13.800000190734863,29.299999237060547,13.270000457763672,31614900,575100,48900
2024-03-07 00:00:00+00:00,13.228255271911621,28.49484634399414,12.84013557434082,13.760000228881836,29.350000381469727,13.220000267028809,13.869999885559082,29.84000015258789,13.34000015258789,13.699999809265137,29.18000030517578,13.1899995803833,13.829999923706055,29.610000610351562,13.260000228881836,21462000,670600,62500
2024-03-08 00:00:00+00:00,13.305161476135254,28.68902015686035,12.995538711547852,13.84000015258789,29.549999237060547,13.380000114440918,13.960000038146973,29.729999542236328,13.479999542236328,13.670000076293945,29.18000030517578,13.1899995803833,13.739999771118164,29.229999542236328,13.220000267028809,31663900,344100,85300
2024-03-11 00:00:00+00:00,13.382071495056152,28.630765914916992,12.956687927246094,13.920000076293945,29.489999771118164,13.34000015258789,13.970000267028809,29.65999984741211,13.460000038146973,13.779999732971191,29.399999618530273,13.319999694824219,13.8100004196167,29.399999618530273,13.319999694824219,27118300,436300,87000
2024-03-12 00:00:00+00:00,13.545502662658691,28.67931365966797,12.985825538635254,14.09000015258789,29.540000915527344,13.369999885559082,14.15999984741211,29.739999771118164,13.579999923706055,13.90999984741211,29.450000762939453,13.329999923706055,13.949999809265137,29.65999984741211,13.329999923706055,42760600,637100,80400
2024-03-13 00:00:00+00:00,13.689704895019531,28.902610778808594,13.034388542175293,14.239999771118164,29.770000457763672,13.420000076293945,14.399999618530273,29.959999084472656,13.550000190734863,14.079999923706055,29.469999313354492,13.369999885559082,14.09000015258789,29.6299991607666,13.430000305175781,25253000,416800,63200
2024-03-14 00:00:00+00:00,13.776226997375488,28.970571517944336,13.034388542175293,14.329999923706055,29.84000015258789,13.420000076293945,14.390000343322754,29.989999771118164,13.5,14.180000305175781,29.729999542236328,13.359999656677246,14.239999771118164,29.75,13.399999618530273,41564200,298400,57000
2024-03-15 00:00:00+00:00,13.564728736877441,28.776395797729492,13.014963150024414,14.109999656677246,29.639999389648438,13.399999618530273,14.390000343322754,29.959999084472656,13.630000114440918,14.100000381469727,29.639999389648438,13.350000381469727,14.34000015258789,29.950000762939453,13.449999809265137,30908700,1807100,88800
2024-03-18 00:00:00+00:00,13.651249885559082,28.85406494140625,13.063526153564453,14.199999809265137,29.719999313354492,13.449999809265137,14.270000457763672,30.049999237060547,13.600000381469727,14.119999885559082,29.479999542236328,13.380000114440918,14.199999809265137,29.639999389648438,13.40999984741211,15035500,355300,85300
2024-03-19 00:00:00+00:00,13.574342727661133,28.85406494140625,12.91783618927002,14.119999885559082,29.719999313354492,13.300000190734863,14.300000190734863,29.8799991607666,13.5,14.079999923706055,29.649999618530273,13.300000190734863,14.25,29.75,13.449999809265137,16792800,224300,51100
2024-03-20 00:00:00+00:00,13.74738597869873,28.989990234375,12.995538711547852,14.300000190734863,29.860000610351562,13.380000114440918,14.319999694824219,29.93000030517578,13.479999542236328,14.100000381469727,29.639999389648438,13.279999732971191,14.130000114440918,29.780000686645508,13.300000190734863,35020600,289800,57800
2024-03-21 00:00:00+00:00,13.5935697555542,28.805522918701172,12.888699531555176,14.140000343322754,29.670000076293945,13.270000457763672,14.3100004196167,29.979999542236328,13.449999809265137,14.109999656677246,29.469999313354492,13.260000228881836,14.300000190734863,29.950000762939453,13.380000114440918,19771200,419200,58900
2024-03-22 00:00:00+00:00,13.420525550842285,28.47447967529297,12.8595609664917,13.960000038146973,29.09000015258789,13.239999771118164,14.15999984741211,29.549999237060547,13.279999732971191,13.859999656677246,28.989999771118164,13.170000076293945,14.130000114440918,29.549999237060547,13.25,28438800,384700,86900
2024-03-25 00:00:00+00:00,13.401297569274902,28.45490074157715,12.791571617126465,13.9399995803833,29.06999969482422,13.170000076293945,14.069999694824219,29.229999542236328,13.25,13.84000015258789,28.940000534057617,13.149999618530273,13.9399995803833,29.100000381469727,13.25,31920500,280700,70000
2024-03-26 00:00:00+00:00,13.5935697555542,28.983478546142578,12.810997009277344,14.140000343322754,29.610000610351562,13.1899995803833,14.199999809265137,29.639999389648438,13.380000114440918,13.890000343322754,28.950000762939453,13.170000076293945,13.90999984741211,29.06999969482422,13.170000076293945,19219400,310900,84100
2024-03-27 00:00:00+00:00,13.805068016052246,29.198820114135742,12.927549362182617,14.359999656677246,29.829999923706055,13.3100004196167,14.460000038146973,29.850000381469727,13.3100004196167,14.029999732971191,29.270000457763672,13.180000305175781,14.140000343322754,29.610000610351562,13.1899995803833,35882600,403200,67800
2024-03-28 00:00:00+00:00,13.708930969238281,29.306495666503906,12.985825538635254,14.260000228881836,29.940000534057617,13.369999885559082,14.479999542236328,29.969999313354492,13.510000228881836,14.220000267028809,29.56999969482422,13.289999961853027,14.359999656677246,29.829999923706055,13.3100004196167,25925000,282500,358800
2024-04-01 00:00:00+00:00,13.583955764770508,28.383541107177734,12.878986358642578,14.130000114440918,28.979999542236328,13.260000228881836,14.390000343322754,29.979999542236328,13.59000015258789,14.039999961853027,28.950000762939453,13.239999771118164,14.359999656677246,29.920000076293945,13.369999885559082,24308100,460000,154800
2024-04-02 00:00:00+00:00,13.659981727600098,28.334569931030273,12.937261581420898,14.1899995803833,28.93000030517578,13.319999694824219,14.3100004196167,29.030000686645508,13.34000015258789,14.050000190734863,28.739999771118164,13.1899995803833,14.109999656677246,29.030000686645508,13.270000457763672,24862500,413300,72200
2024-04-03 00:00:00+00:00,13.929523468017578,28.207244873046875,12.89841079711914,14.470000267028809,28.799999237060547,13.279999732971191,14.579999923706055,29.040000915527344,13.289999961853027,14.09000015258789,28.6299991607666,13.15999984741211,14.199999809265137,28.979999542236328,13.229999542236328,50953400,551900,77100
2024-04-04 00:00:00+00:00,14.016161918640137,27.903621673583984,13.07323932647705,14.5600004196167,28.489999771118164,13.460000038146973,14.880000114440918,29.149999618530273,13.8100004196167,14.520000457763672,28.3700008392334,13.029999732971191,14.520000457763672,28.860000610351562,13.329999923706055,53741700,796700,358900
2024-04-05 00:00:00+00:00,13.977655410766602,27.933006286621094,12.849847793579102,14.520000457763672,28.520000457763672,13.229999542236328,14.640000343322754,28.649999618530273,13.600000381469727,14.40999984741211,28.329999923706055,13.229999542236328,14.579999923706055,28.489999771118164,13.460000038146973,18774100,232900,83400
2024-04-08 00:00:00+00:00,14.073920249938965,28.207244873046875,12.91783618927002,14.619999885559082,28.799999237060547,13.300000190734863,14.779999732971191,29.059999465942383,13.399999618530273,14.529999732971191,28.59000015258789,13.210000038146973,14.5600004196167,28.59000015258789,13.220000267028809,23453800,274200,82700
2024-04-09 00:00:00+00:00,14.160558700561523,28.442304611206055,12.937261581420898,14.710000038146973,29.040000915527344,13.319999694824219,14.8100004196167,29.079999923706055,13.449999809265137,14.619999885559082,28.81999969482422,13.300000190734863,14.670000076293945,28.81999969482422,13.359999656677246,23248900,240100,42300
2024-04-10 00:00:00+00:00,13.862137794494629,27.864450454711914,12.480767250061035,14.399999618530273,28.450000762939453,12.850000381469727,14.710000038146973,28.969999313354492,13.319999694824219,14.359999656677246,28.40999984741211,12.819999694824219,14.680000305175781,28.81999969482422,13.319999694824219,28689800,256100,400000
2024-04-11 00:00:00+00:00,13.852511405944824,27.76650619506836,12.55846881866455,14.390000343322754,28.350000381469727,12.930000305175781,14.4399995803833,28.520000457763672,12.930000305175781,14.229999542236328,28.260000228881836,12.770000457763672,14.359999656677246,28.459999084472656,12.869999885559082,20195300,272600,213700
2024-04-12 00:00:00+00:00,13.679234504699707,27.619592666625977,12.38364028930664,14.210000038146973,28.200000762939453,12.75,14.369999885559082,28.520000457763672,12.930000305175781,14.130000114440918,28.09000015258789,12.670000076293945,14.350000381469727,28.440000534057617,12.930000305175781,22530800,263400,269300
2024-04-15 00:00:00+00:00,13.477078437805176,27.19844627380371,12.364214897155762,14.0,27.770000457763672,12.729999542236328,14.289999961853027,28.290000915527344,12.829999923706055,13.949999809265137,27.690000534057617,12.670000076293945,14.25,28.239999771118164,12.789999961853027,30053000,454300,151300
2024-04-16 00:00:00+00:00,13.38081169128418,26.914409637451172,12.218524932861328,13.899999618530273,27.479999542236328,12.579999923706055,14.020000457763672,27.65999984741211,12.699999809265137,13.84000015258789,27.360000610351562,12.569999694824219,13.930000305175781,27.610000610351562,12.699999809265137,39993200,756000,143500
2024-04-17 00:00:00+00:00,13.313427925109863,26.933998107910156,12.199100494384766,13.829999923706055,27.5,12.5600004196167,13.970000267028809,27.81999969482422,12.6899995803833,13.680000305175781,27.329999923706055,12.529999732971191,13.930000305175781,27.809999465942383,12.640000343322754,27611500,330600,152100
2024-04-18 00:00:00+00:00,13.255669593811035,26.973175048828125,12.160249710083008,13.770000457763672,27.540000915527344,12.520000457763672,13.949999809265137,27.770000457763672,12.680000305175781,13.670000076293945,27.3700008392334,12.460000038146973,13.850000381469727,27.5,12.600000381469727,40788000,228700,200800
2024-04-19 00:00:00+00:00,13.130524635314941,26.865440368652344,12.4127779006958,13.640000343322754,27.43000030517578,12.779999732971191,13.800000190734863,27.760000228881836,12.84000015258789,13.609999656677246,27.3700008392334,12.479999542236328,13.720000267028809,27.540000915527344,12.529999732971191,49864000,304800,165800
2024-04-22 00:00:00+00:00,13.072766304016113,26.85564613342285,12.325630187988281,13.579999923706055,27.420000076293945,12.5,13.75,27.56999969482422,12.649999618530273,13.539999961853027,27.25,12.359999656677246,13.699999809265137,27.31999969482422,12.619999885559082,24572300,314600,363800
2024-04-23 00:00:00+00:00,13.159404754638672,27.218032836914062,12.512979507446289,13.670000076293945,27.790000915527344,12.6899995803833,13.75,28.020000457763672,12.770000457763672,13.470000267028809,27.209999084472656,12.449999809265137,13.5,27.3700008392334,12.5,29567700,512800,122400
2024-04-24 00:00:00+00:00,13.159404754638672,27.1690616607666,12.611584663391113,13.670000076293945,27.739999771118164,12.789999961853027,13.720000267028809,27.899999618530273,12.920000076293945,13.529999732971191,27.489999771118164,12.649999618530273,13.699999809265137,27.790000915527344,12.6899995803833,21669200,437200,74500
2024-04-25 00:00:00+00:00,13.14977741241455,27.022144317626953,12.424235343933105,13.65999984741211,27.59000015258789,12.600000381469727,13.779999732971191,27.75,12.850000381469727,13.609999656677246,27.399999618530273,12.430000305175781,13.649999618530273,27.739999771118164,12.850000381469727,18043100,250300,136200
2024-04-26 00:00:00+00:00,13.361560821533203,27.482471466064453,12.680607795715332,13.880000114440918,28.059999465942383,12.859999656677246,14.0,28.1200008392334,12.880000114440918,13.699999809265137,27.459999084472656,12.470000267028809,13.739999771118164,27.75,12.550000190734863,23755300,200600,116300
2024-04-29 00:00:00+00:00,13.534836769104004,27.227825164794922,12.966562271118164,14.0600004196167,27.799999237060547,13.149999618530273,14.0600004196167,28.149999618530273,13.210000038146973,13.84000015258789,27.559999465942383,12.819999694824219,13.890000343322754,28.059999465942383,12.869999885559082,25762000,238300,168700
2024-04-30 00:00:00+00:00,13.477078437805176,26.757699966430664,13.341261863708496,14.0,27.31999969482422,13.529999732971191,14.279999732971191,27.969999313354492,13.859999656677246,13.899999618530273,27.299999237060547,13.260000228881836,14.100000381469727,27.799999237060547,13.289999961853027,60459200,790500,351300
2024-05-02 00:00:00+00:00,13.323053359985352,27.167024612426758,13.548332214355469,13.84000015258789,27.719999313354492,13.739999771118164,14.319999694824219,27.799999237060547,13.84000015258789,13.680000305175781,27.3799991607666,13.239999771118164,14.319999694824219,27.600000381469727,13.539999961853027,79939800,412300,302600
2024-05-03 00:00:00+00:00,13.283507347106934,27.431638717651367,13.804705619812012,13.779999732971191,27.989999771118164,14.0,14.0600004196167,28.219999313354492,14.399999618530273,13.670000076293945,27.850000381469727,13.850000381469727,13.979999542236328,27.920000076293945,13.949999809265137,61196700,277200,116800
2024-05-06 00:00:00+00:00,13.273868560791016,27.5002384185791,13.656798362731934,13.770000457763672,28.059999465942383,13.850000381469727,13.84000015258789,28.270000457763672,14.25,13.6899995803833,27.81999969482422,13.789999961853027,13.770000457763672,28.190000534057617,13.789999961853027,30205500,195800,147200
2024-05-07 00:00:00+00:00,13.273868560791016,28.049070358276367,13.676519393920898,13.770000457763672,28.6200008392334,13.869999885559082,13.850000381469727,28.770000457763672,14.180000305175781,13.710000038146973,28.059999465942383,13.869999885559082,13.800000190734863,28.25,13.890000343322754,30097000,367600,67800
2024-05-08 00:00:00+00:00,13.302786827087402,28.225481033325195,13.57791519165039,13.800000190734863,28.799999237060547,13.770000457763672,13.84000015258789,28.899999618530273,14.0,13.5600004196167,28.290000915527344,13.640000343322754,13.6899995803833,28.5,14.0,23271100,233100,124200
2024-05-09 00:00:00+00:00,12.965396881103516,27.333633422851562,13.291959762573242,13.449999809265137,27.889999389648438,13.479999542236328,13.670000076293945,28.670000076293945,13.760000228881836,13.359999656677246,27.889999389648438,13.479999542236328,13.649999618530273,28.6299991607666,13.760000228881836,60548200,478200,114300
2024-05-10 00:00:00+00:00,12.888279914855957,27.647245407104492,13.252517700195312,13.369999885559082,28.209999084472656,13.4399995803833,13.579999923706055,28.489999771118164,13.59000015258789,13.350000381469727,27.90999984741211,13.380000114440918,13.449999809265137,28.0,13.380000114440918,38379100,483600,68500
2024-05-13 00:00:00+00:00,12.946118354797363,27.853057861328125,13.232796669006348,13.430000305175781,28.420000076293945,13.420000076293945,13.460000038146973,28.549999237060547,13.5,13.319999694824219,28.219999313354492,13.34000015258789,13.399999618530273,28.219999313354492,13.470000267028809,21216600,456500,51900
2024-05-14 00:00:00+00:00,12.936479568481445,28.28428077697754,13.242657661437988,13.420000076293945,28.860000610351562,13.430000305175781,13.479999542236328,28.90999984741211,13.489999771118164,13.270000457763672,28.280000686645508,13.390000343322754,13.430000305175781,28.40999984741211,13.420000076293945,41886100,319200,36500
2024-05-15 00:00:00+00:00,12.811161041259766,28.13727378845215,12.996145248413086,13.289999961853027,28.709999084472656,13.180000305175781,13.399999618530273,28.899999618530273,13.4399995803833,13.229999542236328,28.610000610351562,13.119999885559082,13.399999618530273,28.899999618530273,13.4399995803833,31232700,252600,265000
2024-05-16 00:00:00+00:00,12.878640174865723,28.058868408203125,13.035587310791016,13.359999656677246,28.6299991607666,13.220000267028809,13.399999618530273,28.899999618530273,13.609999656677246,13.239999771118164,28.510000228881836,13.130000114440918,13.350000381469727,28.709999084472656,13.369999885559082,30538600,362000,156300
2024-05-17 00:00:00+00:00,12.946118354797363,28.117671966552734,12.887679100036621,13.430000305175781,28.690000534057617,13.069999694824219,13.510000228881836,28.799999237060547,13.220000267028809,13.279999732971191,28.520000457763672,13.050000190734863,13.329999923706055,28.6299991607666,13.220000267028809,31448500,220300,158900
2024-05-20 00:00:00+00:00,12.849720001220703,27.970664978027344,12.946842193603516,13.329999923706055,28.540000915527344,13.130000114440918,13.449999809265137,28.860000610351562,13.289999961853027,13.319999694824219,28.510000228881836,13.050000190734863,13.399999618530273,28.510000228881836,13.100000381469727,27043700,452000,95900
2024-05-21 00:00:00+00:00,12.91719913482666,27.81385612487793,12.996145248413086,13.399999618530273,28.3799991607666,13.180000305175781,13.460000038146973,28.700000762939453,13.319999694824219,13.3100004196167,28.3799991607666,13.010000228881836,13.350000381469727,28.600000381469727,13.15999984741211,26225200,302300,97100
2024-05-22 00:00:00+00:00,12.628007888793945,27.39243507385254,13.08488941192627,13.100000381469727,27.950000762939453,13.270000457763672,13.350000381469727,28.559999465942383,13.390000343322754,13.100000381469727,27.790000915527344,13.130000114440918,13.329999923706055,28.420000076293945,13.130000114440918,36303200,436300,81300
2024-05-23 00:00:00+00:00,12.415934562683105,27.12782096862793,13.114470481872559,12.880000114440918,27.68000030517578,13.300000190734863,13.149999618530273,27.979999542236328,13.3100004196167,12.829999923706055,27.540000915527344,13.109999656677246,13.119999885559082,27.969999313354492,13.260000228881836,47524300,320600,61500
2024-05-24 00:00:00+00:00,12.502692222595215,26.892610549926758,13.065168380737305,12.970000267028809,27.440000534057617,13.25,13.050000190734863,27.700000762939453,13.270000457763672,12.869999885559082,27.3799991607666,13.0600004196167,12.920000076293945,27.700000762939453,13.270000457763672,34080500,314100,98000
2024-05-27 00:00:00+00:00,12.464134216308594,26.87300682067871,12.838376998901367,12.930000305175781,27.420000076293945,13.020000457763672,13.029999732971191,27.489999771118164,13.199999809265137,12.899999618530273,27.239999771118164,13.020000457763672,12.949999809265137,27.489999771118164,13.109999656677246,11028300,264500,70900
2024-05-28 00:00:00+00:00,12.454492568969727,26.80440330505371,13.015865325927734,12.920000076293945,27.350000381469727,13.199999809265137,13.069999694824219,27.65999984741211,13.210000038146973,12.859999656677246,27.280000686645508,13.010000228881836,13.0600004196167,27.489999771118164,13.010000228881836,26207100,326200,79900
2024-05-29 00:00:00+00:00,12.329177856445312,26.667194366455078,12.917261123657227,12.789999961853027,27.209999084472656,13.100000381469727,12.850000381469727,27.350000381469727,13.149999618530273,12.649999618530273,26.84000015258789,12.869999885559082,12.84000015258789,27.350000381469727,13.149999618530273,29552400,345800,99000
2024-05-31 00:00:00+00:00,12.213500022888184,26.412382125854492,13.114470481872559,12.670000076293945,26.950000762939453,13.300000190734863,12.880000114440918,27.34000015258789,13.390000343322754,12.670000076293945,26.889999389648438,12.949999809265137,12.779999732971191,27.219999313354492,13.069999694824219,50760400,361000,104100
2024-06-03 00:00:00+00:00,12.290617942810059,26.66506004333496,13.035587310791016,12.75,27.190000534057617,13.220000267028809,12.850000381469727,27.3700008392334,13.40999984741211,12.65999984741211,26.899999618530273,13.09000015258789,12.720000267028809,27.0,13.109999656677246,30299600,484000,139900
2024-06-04 00:00:00+00:00,12.405478477478027,26.851390838623047,12.651026725769043,12.850000381469727,27.3799991607666,12.829999923706055,12.930000305175781,27.549999237060547,13.1899995803833,12.619999885559082,27.049999237060547,12.829999923706055,12.729999542236328,27.18000030517578,13.1899995803833,44292600,628300,161400
2024-06-05 00:00:00+00:00,12.337898254394531,26.714096069335938,12.43409538269043,12.779999732971191,27.239999771118164,12.609999656677246,12.90999984741211,27.34000015258789,12.869999885559082,12.739999771118164,27.030000686645508,12.609999656677246,12.84000015258789,27.299999237060547,12.869999885559082,23783000,645300,176300
2024-06-06 00:00:00+00:00,12.598559379577637,27.145601272583008,12.808794975280762,13.050000190734863,27.68000030517578,12.989999771118164,13.069999694824219,27.739999771118164,13.010000228881836,12.760000228881836,27.15999984741211,12.619999885559082,12.819999694824219,27.239999771118164,12.6899995803833,26997300,642700,74400
2024-06-07 00:00:00+00:00,12.502017974853516,26.782743453979492,12.700329780578613,12.949999809265137,27.309999465942383,12.880000114440918,13.109999656677246,27.59000015258789,12.970000267028809,12.920000076293945,27.200000762939453,12.729999542236328,12.989999771118164,27.59000015258789,12.729999542236328,131901800,646300,54100
2024-06-10 00:00:00+00:00,12.415130615234375,26.616024017333984,12.582003593444824,12.859999656677246,27.139999389648438,12.760000228881836,12.979999542236328,27.43000030517578,12.869999885559082,12.819999694824219,26.8700008392334,12.720000267028809,12.949999809265137,27.43000030517578,12.850000381469727,24749200,372100,44600
2024-06-11 00:00:00+00:00,12.482710838317871,26.8906192779541,12.621445655822754,12.930000305175781,27.420000076293945,12.800000190734863,13.010000228881836,27.56999969482422,12.850000381469727,12.880000114440918,27.049999237060547,12.729999542236328,12.90999984741211,27.09000015258789,12.729999542236328,24693700,557800,48300
2024-06-12 00:00:00+00:00,12.25101089477539,26.812166213989258,12.52284049987793,12.6899995803833,27.34000015258789,12.699999809265137,13.010000228881836,27.56999969482422,12.869999885559082,12.649999618530273,27.040000915527344,12.600000381469727,12.970000267028809,27.540000915527344,12.800000190734863,59033400,172300,102700
2024-06-13 00:00:00+00:00,12.260665893554688,26.625831604003906,12.49325942993164,12.699999809265137,27.149999618530273,12.670000076293945,12.850000381469727,27.489999771118164,12.760000228881836,12.680000305175781,27.149999618530273,12.600000381469727,12.699999809265137,27.3700008392334,12.699999809265137,42051200,248300,78000
2024-06-14 00:00:00+00:00,12.386168479919434,26.616024017333984,12.631306648254395,12.829999923706055,27.139999389648438,12.8100004196167,12.859999656677246,27.280000686645508,12.8100004196167,12.630000114440918,26.93000030517578,12.569999694824219,12.720000267028809,27.149999618530273,12.649999618530273,43737800,363900,39900
2024-06-17 00:00:00+00:00,12.521327018737793,27.20444107055664,12.818655967712402,12.970000267028809,27.739999771118164,13.0,13.010000228881836,27.780000686645508,13.050000190734863,12.8100004196167,27.149999618530273,12.729999542236328,12.850000381469727,27.149999618530273,12.789999961853027,59437200,290900,75300
2024-06-18 00:00:00+00:00,12.327213287353516,27.155406951904297,12.808794975280762,12.380000114440918,27.690000534057617,12.989999771118164,12.75,27.979999542236328,13.180000305175781,12.34000015258789,27.549999237060547,12.869999885559082,12.6899995803833,27.760000228881836,12.9399995803833,39586800,353300,160100
2024-06-19 00:00:00+00:00,12.386957168579102,27.273088455200195,12.917261123657227,12.4399995803833,27.809999465942383,13.100000381469727,12.460000038146973,27.950000762939453,13.119999885559082,12.180000305175781,27.459999084472656,12.899999618530273,12.399999618530273,27.799999237060547,13.0,29600400,248400,57500
2024-06-20 00:00:00+00:00,12.357084274291992,27.253477096557617,12.907400131225586,12.40999984741211,27.790000915527344,13.09000015258789,12.579999923706055,28.149999618530273,13.199999809265137,12.329999923706055,27.690000534057617,12.989999771118164,12.5,27.950000762939453,13.199999809265137,33487200,216700,31300
2024-06-21 00:00:00+00:00,12.347126960754395,27.80866050720215,12.877819061279297,12.399999618530273,28.100000381469727,13.0600004196167,12.5,28.100000381469727,13.079999923706055,12.329999923706055,27.5,12.949999809265137,12.329999923706055,27.700000762939453,13.069999694824219,63797400,1008500,40300
2024-06-24 00:00:00+00:00,12.386957168579102,27.957103729248047,13.114470481872559,12.4399995803833,28.25,13.300000190734863,12.569999694824219,28.65999984741211,13.380000114440918,12.369999885559082,27.969999313354492,13.010000228881836,12.449999809265137,28.020000457763672,13.079999923706055,29037500,890300,80400
2024-06-25 00:00:00+00:00,12.287383079528809,27.88783073425293,13.114470481872559,12.34000015258789,28.18000030517578,13.300000190734863,12.449999809265137,28.440000534057617,13.300000190734863,12.3100004196167,27.540000915527344,13.09000015258789,12.449999809265137,28.260000228881836,13.300000190734863,26896300,606800,49600
2024-06-26 00:00:00+00:00,12.317255973815918,27.67011070251465,12.877819061279297,12.369999885559082,27.959999084472656,13.0600004196167,12.369999885559082,28.170000076293945,13.199999809265137,12.140000343322754,27.56999969482422,12.819999694824219,12.289999961853027,28.170000076293945,13.199999809265137,35848900,448300,79800
2024-06-27 00:00:00+00:00,12.367042541503906,27.79876136779785,12.976423263549805,12.420000076293945,28.09000015258789,13.15999984741211,12.460000038146973,28.200000762939453,13.15999984741211,12.270000457763672,27.93000030517578,12.920000076293945,12.390000343322754,28.049999237060547,13.0600004196167,20010000,280700,60400
2024-06-28 00:00:00+00:00,12.327213287353516,27.79876136779785,12.946842193603516,12.380000114440918,28.09000015258789,13.130000114440918,12.479999542236328,28.170000076293945,13.199999809265137,12.3100004196167,27.68000030517578,13.0,12.420000076293945,28.09000015258789,13.199999809265137,31675700,528200,61100
2024-07-01 00:00:00+00:00,12.217681884765625,27.598384857177734,12.779213905334473,12.270000457763672,27.8700008392334,12.960000038146973,12.479999542236328,28.229999542236328,13.130000114440918,12.229999542236328,27.81999969482422,12.84000015258789,12.430000305175781,28.09000015258789,13.130000114440918,18567800,214600,124900
2024-07-02 00:00:00+00:00,12.1967134475708,27.75682830810547,12.789073944091797,12.229999542236328,28.030000686645508,12.970000267028809,12.34000015258789,28.1299991607666,13.050000190734863,12.199999809265137,27.829999923706055,12.920000076293945,12.260000228881836,27.8799991607666,12.960000038146973,26562800,209500,66800
2024-07-03 00:00:00+00:00,12.236604690551758,28.04399871826172,12.917261123657227,12.270000457763672,28.31999969482422,13.100000381469727,12.380000114440918,28.65999984741211,13.1899995803833,12.229999542236328,28.139999389648438,12.949999809265137,12.319999694824219,28.190000534057617,12.970000267028809,31060900,288300,70800
2024-07-04 00:00:00+00:00,12.286468505859375,28.222244262695312,12.897539138793945,12.319999694824219,28.5,13.079999923706055,12.380000114440918,28.6299991607666,13.289999961853027,12.239999771118164,28.3700008392334,13.020000457763672,12.380000114440918,28.540000915527344,13.199999809265137,13768400,188500,47800
2024-07-05 00:00:00+00:00,12.426087379455566,28.0043888092041,12.700329780578613,12.460000038146973,28.280000686645508,12.880000114440918,12.5,28.520000457763672,13.109999656677246,12.25,28.139999389648438,12.859999656677246,12.34000015258789,28.440000534057617,13.0600004196167,41410800,291100,172200
2024-07-08 00:00:00+00:00,12.426087379455566,28.08361053466797,12.35521125793457,12.460000038146973,28.360000610351562,12.529999732971191,12.609999656677246,28.40999984741211,13.029999732971191,12.380000114440918,28.110000610351562,12.529999732971191,12.40999984741211,28.299999237060547,12.899999618530273,33661100,235900,428100
2024-07-09 00:00:00+00:00,12.426087379455566,28.271757125854492,12.424235343933105,12.460000038146973,28.549999237060547,12.600000381469727,12.5600004196167,28.549999237060547,12.600000381469727,12.350000381469727,28.040000915527344,12.369999885559082,12.420000076293945,28.360000610351562,12.539999961853027,18579400,413000,260800
2024-07-10 00:00:00+00:00,12.635516166687012,28.311368942260742,12.917261123657227,12.670000076293945,28.59000015258789,13.100000381469727,12.720000267028809,28.850000381469727,13.140000343322754,12.489999771118164,28.479999542236328,12.600000381469727,12.550000190734863,28.600000381469727,12.600000381469727,32909900,1484900,265300
2024-07-11 00:00:00+00:00,12.635516166687012,28.539127349853516,13.410285949707031,12.670000076293945,28.81999969482422,13.600000381469727,12.789999961853027,28.850000381469727,13.600000381469727,12.609999656677246,28.59000015258789,13.109999656677246,12.720000267028809,28.610000610351562,13.109999656677246,35308200,288700,276100
2024-07-12 00:00:00+00:00,12.605597496032715,28.40049171447754,13.291959762573242,12.640000343322754,28.68000030517578,13.479999542236328,12.680000305175781,28.860000610351562,13.649999618530273,12.579999923706055,28.559999465942383,13.4399995803833,12.680000305175781,28.829999923706055,13.600000381469727,28892700,242400,83300
2024-07-15 00:00:00+00:00,12.575679779052734,28.450002670288086,13.262377738952637,12.609999656677246,28.729999542236328,13.449999809265137,12.699999809265137,28.8700008392334,13.550000190734863,12.579999923706055,28.68000030517578,13.369999885559082,12.680000305175781,28.8700008392334,13.5,18471500,245700,64200
2024-07-16 00:00:00+00:00,12.615571022033691,28.608444213867188,13.390564918518066,12.649999618530273,28.889999389648438,13.579999923706055,12.6899995803833,28.959999084472656,13.59000015258789,12.539999961853027,28.709999084472656,13.449999809265137,12.619999885559082,28.790000915527344,13.449999809265137,28351100,160700,56200
2024-07-17 00:00:00+00:00,12.765162467956543,29.014446258544922,13.597635269165039,12.800000190734863,29.299999237060547,13.789999961853027,12.800000190734863,29.299999237060547,13.829999923706055,12.609999656677246,28.75,13.510000228881836,12.640000343322754,28.889999389648438,13.529999732971191,23144800,293200,121300
2024-07-18 00:00:00+00:00,12.525816917419434,28.81639862060547,13.508891105651855,12.5600004196167,29.100000381469727,13.699999809265137,12.800000190734863,29.280000686645508,13.789999961853027,12.5600004196167,28.969999313354492,13.649999618530273,12.760000228881836,29.280000686645508,13.789999961853027,22829000,336900,77300
2024-07-19 00:00:00+00:00,12.456006050109863,29.073863983154297,13.548332214355469,12.489999771118164,29.360000610351562,13.739999771118164,12.699999809265137,29.549999237060547,13.850000381469727,12.489999771118164,29.020000457763672,13.6899995803833,12.649999618530273,29.110000610351562,13.729999542236328,31721300,361500,128600
2024-07-22 00:00:00+00:00,12.595624923706055,29.054058074951172,13.539999961853027,12.630000114440918,29.34000015258789,13.539999961853027,12.670000076293945,29.540000915527344,13.65999984741211,12.510000228881836,29.219999313354492,13.460000038146973,12.539999961853027,29.360000610351562,13.460000038146973,20828400,374400,127200
2024-07-23 00:00:00+00:00,12.50586986541748,28.955032348632812,13.359999656677246,12.539999961853027,29.239999771118164,13.359999656677246,12.630000114440918,29.5,13.5600004196167,12.510000228881836,29.219999313354492,13.34000015258789,12.609999656677246,29.25,13.5,22575300,225800,61800
2024-07-24 00:00:00+00:00,12.51584243774414,29.014446258544922,13.5,12.550000190734863,29.299999237060547,13.5,12.649999618530273,29.440000534057617,13.800000190734863,12.510000228881836,29.139999389648438,13.329999923706055,12.579999923706055,29.239999771118164,13.479999542236328,17329000,215400,114700
2024-07-25 00:00:00+00:00,12.316387176513672,28.84610366821289,13.119999885559082,12.350000381469727,29.1299991607666,13.119999885559082,12.5600004196167,29.31999969482422,13.510000228881836,12.34000015258789,29.040000915527344,13.109999656677246,12.510000228881836,29.309999465942383,13.5,27476800,212400,102000
2024-07-26 00:00:00+00:00,12.416114807128906,29.044157028198242,13.390000343322754,12.449999809265137,29.329999923706055,13.390000343322754,12.479999542236328,29.399999618530273,13.390000343322754,12.3100004196167,29.040000915527344,13.069999694824219,12.359999656677246,29.1299991607666,13.260000228881836,45675500,225900,63000
2024-07-29 00:00:00+00:00,12.465978622436523,29.252111434936523,13.640000343322754,12.5,29.540000915527344,13.640000343322754,12.520000457763672,29.649999618530273,13.640000343322754,12.350000381469727,29.309999465942383,13.239999771118164,12.449999809265137,29.309999465942383,13.289999961853027,20952000,247600,68300
2024-07-30 00:00:00+00:00,12.366250991821289,29.172887802124023,13.710000038146973,12.399999618530273,29.459999084472656,13.710000038146973,12.479999542236328,29.56999969482422,13.729999542236328,12.359999656677246,29.270000457763672,13.369999885559082,12.449999809265137,29.56999969482422,13.369999885559082,20995500,228500,154200
2024-07-31 00:00:00+00:00,12.396169662475586,28.83620262145996,13.59000015258789,12.430000305175781,29.1200008392334,13.59000015258789,12.479999542236328,29.489999771118164,13.699999809265137,12.380000114440918,29.1200008392334,13.510000228881836,12.399999618530273,29.459999084472656,13.680000305175781,32230200,365200,57000
2024-08-01 00:00:00+00:00,12.555733680725098,28.348356246948242,13.90999984741211,12.59000015258789,28.610000610351562,13.90999984741211,12.680000305175781,29.190000534057617,13.949999809265137,12.449999809265137,28.540000915527344,13.5,12.460000038146973,29.100000381469727,13.579999923706055,59113900,318300,196700
2024-08-02 00:00:00+00:00,12.634613037109375,28.130367279052734,13.420000076293945,12.649999618530273,28.389999389648438,13.420000076293945,12.75,28.90999984741211,13.8100004196167,12.520000457763672,28.200000762939453,13.300000190734863,12.65999984741211,28.6299991607666,13.779999732971191,57959900,314200,70300
2024-08-05 00:00:00+00:00,13.59344482421875,27.991647720336914,13.489999771118164,13.609999656677246,28.25,13.489999771118164,13.760000228881836,28.350000381469727,13.649999618530273,12.649999618530273,27.709999084472656,13.0,12.850000381469727,28.0,13.260000228881836,133145300,407200,271700
2024-08-06 00:00:00+00:00,14.042898178100586,28.635704040527344,13.470000267028809,14.0600004196167,28.899999618530273,13.470000267028809,14.180000305175781,29.190000534057617,13.59000015258789,13.800000190734863,28.260000228881836,13.399999618530273,13.859999656677246,28.260000228881836,13.399999618530273,104219100,462400,62500
2024-08-07 00:00:00+00:00,14.072861671447754,28.784330368041992,13.449999809265137,14.09000015258789,29.049999237060547,13.449999809265137,14.510000228881836,29.489999771118164,14.399999618530273,13.930000305175781,28.600000381469727,13.199999809265137,14.170000076293945,29.299999237060547,13.470000267028809,59096500,592200,165900
2024-08-08 00:00:00+00:00,14.232666969299316,28.82396697998047,13.350000381469727,14.25,29.09000015258789,13.350000381469727,14.390000343322754,29.40999984741211,13.529999732971191,14.0600004196167,28.979999542236328,13.34000015258789,14.079999923706055,29.25,13.449999809265137,44280800,623700,39600
2024-08-09 00:00:00+00:00,14.582242012023926,29.36893653869629,13.609999656677246,14.600000381469727,29.639999389648438,13.609999656677246,14.6899995803833,29.709999084472656,13.729999542236328,14.229999542236328,29.049999237060547,13.40999984741211,14.25,29.239999771118164,13.40999984741211,37787700,385000,49900
2024-08-12 00:00:00+00:00,14.682119369506836,29.54728889465332,13.670000076293945,14.699999809265137,29.81999969482422,13.670000076293945,14.739999771118164,29.950000762939453,13.8100004196167,14.5600004196167,29.40999984741211,13.609999656677246,14.619999885559082,29.40999984741211,13.609999656677246,24117200,164200,170300
2024-08-13 00:00:00+00:00,14.861900329589844,30.300338745117188,13.869999885559082,14.880000114440918,30.579999923706055,13.869999885559082,14.970000267028809,30.639999389648438,14.050000190734863,14.710000038146973,29.899999618530273,13.670000076293945,14.770000457763672,29.899999618530273,13.670000076293945,36761400,436000,95200
2024-08-14 00:00:00+00:00,14.991743087768555,31.023664474487305,14.119999885559082,15.010000228881836,31.309999465942383,14.119999885559082,15.119999885559082,31.5,14.369999885559082,14.850000381469727,30.579999923706055,13.850000381469727,14.850000381469727,30.639999389648438,13.850000381469727,53268600,518300,165100
2024-08-15 00:00:00+00:00,15.141559600830078,31.51909065246582,14.119999885559082,15.15999984741211,31.809999465942383,14.119999885559082,15.229999542236328,31.829999923706055,14.399999618530273,15.010000228881836,31.299999237060547,14.119999885559082,15.069999694824219,31.389999389648438,14.130000114440918,31738900,770600,75400
2024-08-16 00:00:00+00:00,14.951791763305664,31.360553741455078,14.260000228881836,14.970000267028809,31.649999618530273,14.260000228881836,15.289999961853027,32.18000030517578,14.5,14.850000381469727,31.5,14.119999885559082,15.229999542236328,31.889999389648438,14.119999885559082,49810300,549200,151100
2024-08-19 00:00:00+00:00,15.620976448059082,31.677627563476562,14.430000305175781,15.640000343322754,31.969999313354492,14.430000305175781,15.880000114440918,32.099998474121094,14.649999618530273,15.100000381469727,31.59000015258789,14.279999732971191,15.109999656677246,31.65999984741211,14.300000190734863,73702900,842100,256600
2024-08-20 00:00:00+00:00,15.680903434753418,31.994701385498047,14.619999885559082,15.699999809265137,32.290000915527344,14.619999885559082,15.789999961853027,32.290000915527344,14.789999961853027,15.40999984741211,31.770000457763672,14.449999809265137,15.760000228881836,32.0,14.510000228881836,30434800,527300,94900
2024-08-21 00:00:00+00:00,15.61098861694336,31.83616828918457,14.630000114440918,15.630000114440918,32.130001068115234,14.630000114440918,15.760000228881836,32.290000915527344,14.859999656677246,15.569999694824219,31.93000030517578,14.5,15.699999809265137,32.290000915527344,14.5,25842000,349200,102100
2024-08-22 00:00:00+00:00,15.50112247467041,31.48936653137207,14.699999809265137,15.520000457763672,31.780000686645508,14.699999809265137,15.630000114440918,32.0,14.8100004196167,15.470000267028809,31.3700008392334,14.529999732971191,15.579999923706055,31.989999771118164,14.600000381469727,33853100,763900,118300
2024-08-23 00:00:00+00:00,15.640952110290527,31.320919036865234,14.850000381469727,15.65999984741211,31.610000610351562,14.850000381469727,15.9399995803833,31.950000762939453,15.079999923706055,15.619999885559082,31.549999237060547,14.710000038146973,15.619999885559082,31.709999084472656,14.770000457763672,33620800,321700,119000
2024-08-26 00:00:00+00:00,15.591012001037598,31.301103591918945,14.869999885559082,15.609999656677246,31.59000015258789,14.869999885559082,15.6899995803833,31.780000686645508,15.050000190734863,15.569999694824219,31.450000762939453,14.779999732971191,15.65999984741211,31.780000686645508,14.84000015258789,13905900,410000,138800
2024-08-27 00:00:00+00:00,15.401244163513184,31.23174476623535,14.949999809265137,15.420000076293945,31.520000457763672,14.949999809265137,15.619999885559082,31.639999389648438,15.0,15.399999618530273,31.399999618530273,14.760000228881836,15.619999885559082,31.59000015258789,14.9399995803833,18690000,347300,66200
2024-08-28 00:00:00+00:00,15.65093994140625,31.964975357055664,14.970000267028809,15.670000076293945,32.2599983215332,14.970000267028809,15.770000457763672,32.27000045776367,15.039999961853027,15.170000076293945,31.31999969482422,14.789999961853027,15.300000190734863,31.5,14.949999809265137,27179000,341500,89300
2024-08-29 00:00:00+00:00,15.61098861694336,31.885705947875977,14.949999809265137,15.630000114440918,32.18000030517578,14.949999809265137,15.680000305175781,32.33000183105469,15.069999694824219,15.510000228881836,32.06999969482422,14.850000381469727,15.600000381469727,32.150001525878906,14.850000381469727,29559800,413500,61700
2024-08-30 00:00:00+00:00,15.620976448059082,31.51909065246582,14.9399995803833,15.640000343322754,31.809999465942383,14.9399995803833,15.670000076293945,32.16999816894531,15.020000457763672,15.489999771118164,31.579999923706055,14.859999656677246,15.539999961853027,32.119998931884766,14.989999771118164,51286000,969900,85400
2024-09-02 00:00:00+00:00,15.581025123596191,31.39779281616211,14.8100004196167,15.600000381469727,31.670000076293945,14.8100004196167,15.630000114440918,31.860000610351562,14.949999809265137,15.449999809265137,31.610000610351562,14.800000190734863,15.5,31.799999237060547,14.9399995803833,17133800,608700,92800
2024-09-03 00:00:00+00:00,15.75,31.91332244873047,14.930000305175781,15.75,32.189998626708984,14.930000305175781,15.890000343322754,32.189998626708984,15.020000457763672,15.600000381469727,31.670000076293945,14.890000343322754,15.600000381469727,31.670000076293945,14.960000038146973,26984600,1026800,160100
2024-09-04 00:00:00+00:00,15.869999885559082,32.16117477416992,15.069999694824219,15.869999885559082,32.439998626708984,15.069999694824219,16.110000610351562,32.79999923706055,15.229999542236328,15.800000190734863,32.13999938964844,14.9399995803833,15.84000015258789,32.13999938964844,14.9399995803833,33458800,667500,118500
2024-09-05 00:00:00+00:00,16.010000228881836,32.36936950683594,14.989999771118164,16.010000228881836,32.650001525878906,14.989999771118164,16.149999618530273,32.7599983215332,15.109999656677246,15.779999732971191,32.119998931884766,14.920000076293945,15.829999923706055,32.310001373291016,15.079999923706055,29843800,614800,79400
2024-09-06 00:00:00+00:00,15.699999809265137,32.091773986816406,14.869999885559082,15.699999809265137,32.369998931884766,14.869999885559082,16.06999969482422,32.849998474121094,15.050000190734863,15.619999885559082,32.18000030517578,14.800000190734863,16.049999237060547,32.79999923706055,14.989999771118164,19284000,439800,65500
2024-09-09 00:00:00+00:00,15.75,32.16117477416992,14.930000305175781,15.75,32.439998626708984,14.930000305175781,15.880000114440918,32.619998931884766,14.970000267028809,15.670000076293945,32.310001373291016,14.800000190734863,15.699999809265137,32.52000045776367,14.869999885559082,16779800,695500,65500
2024-09-10 00:00:00+00:00,15.800000190734863,32.22065734863281,14.84000015258789,15.800000190734863,32.5,14.84000015258789,15.850000381469727,32.61000061035156,14.989999771118164,15.529999732971191,32.22999954223633,14.699999809265137,15.680000305175781,32.43000030517578,14.989999771118164,27410100,373800,78400
2024-09-11 00:00:00+00:00,15.619999885559082,32.15126037597656,14.699999809265137,15.619999885559082,32.43000030517578,14.699999809265137,15.829999923706055,32.650001525878906,14.920000076293945,15.579999923706055,32.380001068115234,14.670000076293945,15.789999961853027,32.599998474121094,14.920000076293945,19715400,351400,68200
2024-09-12 00:00:00+00:00,15.550000190734863,32.052120208740234,14.569999694824219,15.550000190734863,32.33000183105469,14.569999694824219,15.670000076293945,32.4900016784668,14.770000457763672,15.380000114440918,32.04999923706055,14.399999618530273,15.5600004196167,32.45000076293945,14.770000457763672,21793200,430200,83500
2024-09-13 00:00:00+00:00,15.550000190734863,32.062034606933594,14.670000076293945,15.550000190734863,32.34000015258789,14.670000076293945,15.770000457763672,32.56999969482422,14.829999923706055,15.399999618530273,31.940000534057617,14.569999694824219,15.5,32.33000183105469,14.569999694824219,27724900,918900,28500
2024-09-16 00:00:00+00:00,15.430000305175781,32.131431579589844,14.579999923706055,15.430000305175781,32.40999984741211,14.579999923706055,15.600000381469727,32.54999923706055,14.710000038146973,15.289999961853027,32.27000045776367,14.510000228881836,15.539999961853027,32.34000015258789,14.670000076293945,27880800,532400,31600
2024-09-17 00:00:00+00:00,15.329999923706055,31.824094772338867,14.600000381469727,15.329999923706055,32.099998474121094,14.600000381469727,15.380000114440918,32.5,14.609999656677246,15.220000267028809,31.920000076293945,14.479999542236328,15.350000381469727,32.5,14.579999923706055,34079400,651600,60900
2024-09-18 00:00:00+00:00,15.239999771118164,31.715042114257812,14.579999923706055,15.239999771118164,31.989999771118164,14.579999923706055,15.430000305175781,32.25,14.760000228881836,15.170000076293945,31.8700008392334,14.390000343322754,15.25,32.20000076293945,14.600000381469727,32088700,474600,66300
2024-09-19 00:00:00+00:00,15.029999732971191,31.48702049255371,14.5,15.029999732971191,31.760000228881836,14.5,15.300000190734863,32.150001525878906,14.569999694824219,14.989999771118164,31.700000762939453,14.40999984741211,15.300000190734863,32.130001068115234,14.569999694824219,38153100,788300,52300
2024-09-20 00:00:00+00:00,14.75,31.260000228881836,14.119999885559082,14.75,31.260000228881836,14.119999885559082,15.119999885559082,31.8799991607666,14.489999771118164,14.640000343322754,31.1299991607666,14.109999656677246,15.100000381469727,31.549999237060547,14.489999771118164,57966500,931600,47100
2024-09-23 00:00:00+00:00,14.369999885559082,31.209999084472656,13.739999771118164,14.369999885559082,31.209999084472656,13.739999771118164,14.680000305175781,31.209999084472656,14.100000381469727,14.329999923706055,30.8799991607666,13.550000190734863,14.680000305175781,31.170000076293945,14.050000190734863,45384200,695800,109200
2024-09-24 00:00:00+00:00,14.350000381469727,31.1200008392334,13.75,14.350000381469727,31.1200008392334,13.75,14.569999694824219,31.6299991607666,13.899999618530273,14.260000228881836,30.90999984741211,13.720000267028809,14.550000190734863,31.450000762939453,13.739999771118164,44927000,618600,79300
2024-09-25 00:00:00+00:00,14.4399995803833,31.43000030517578,13.859999656677246,14.4399995803833,31.43000030517578,13.859999656677246,14.529999732971191,31.459999084472656,13.989999771118164,14.350000381469727,31.1200008392334,13.75,14.399999618530273,31.1200008392334,13.800000190734863,44200800,561300,55700
2024-09-26 00:00:00+00:00,14.8100004196167,31.8700008392334,13.75,14.8100004196167,31.8700008392334,13.75,0.0,0.0,0.0,0.0,0.0,0.0,0.0,0.0,0.0,0,0,0
